Id,task_1,task_2
data/test/melanoma/ISIC_0012258.jpg,0.184746,0.188278
data/test/melanoma/ISIC_0012356.jpg,0.235797,0.150038
data/test/melanoma/ISIC_0012369.jpg,0.294177,0.0401952
data/test/melanoma/ISIC_0012395.jpg,0.118758,0.575969
data/test/melanoma/ISIC_0012425.jpg,0.0188437,0.0522774
data/test/melanoma/ISIC_0012758.jpg,0.035659,8.39472e-05
data/test/melanoma/ISIC_0012989.jpg,0.024629,0.0242376
data/test/melanoma/ISIC_0013072.jpg,0.706404,0.0329689
data/test/melanoma/ISIC_0013073.jpg,0.49767,0.0115986
data/test/melanoma/ISIC_0013242.jpg,0.612385,0.0214144
data/test/melanoma/ISIC_0013277.jpg,0.0836426,0.461237
data/test/melanoma/ISIC_0013321.jpg,0.0385619,0.529517
data/test/melanoma/ISIC_0013374.jpg,0.309624,0.00509895
data/test/melanoma/ISIC_0013411.jpg,0.070365,0.88536
data/test/melanoma/ISIC_0013414.jpg,0.00582328,0.00611643
data/test/melanoma/ISIC_0013455.jpg,0.245109,0.0129007
data/test/melanoma/ISIC_0013457.jpg,0.462696,0.1921
data/test/melanoma/ISIC_0013459.jpg,0.132323,0.0379064
data/test/melanoma/ISIC_0013472.jpg,0.154051,0.319762
data/test/melanoma/ISIC_0013473.jpg,0.48803,0.434635
data/test/melanoma/ISIC_0013565.jpg,0.131335,0.177249
data/test/melanoma/ISIC_0013577.jpg,0.0194866,0.828735
data/test/melanoma/ISIC_0013588.jpg,0.172817,0.319649
data/test/melanoma/ISIC_0013615.jpg,0.300393,0.115926
data/test/melanoma/ISIC_0013617.jpg,0.057125,0.0537322
data/test/melanoma/ISIC_0013636.jpg,0.216942,0.306433
data/test/melanoma/ISIC_0013678.jpg,0.152147,0.68283
data/test/melanoma/ISIC_0013696.jpg,0.120613,0.0768029
data/test/melanoma/ISIC_0013733.jpg,0.554856,0.247197
data/test/melanoma/ISIC_0013739.jpg,0.0230913,0.880153
data/test/melanoma/ISIC_0013766.jpg,0.196155,0.0016604
data/test/melanoma/ISIC_0013767.jpg,0.515247,0.0246462
data/test/melanoma/ISIC_0013813.jpg,0.281693,0.47969
data/test/melanoma/ISIC_0013814.jpg,0.649842,0.0977092
data/test/melanoma/ISIC_0013833.jpg,0.775394,0.133036
data/test/melanoma/ISIC_0013842.jpg,0.115299,0.136349
data/test/melanoma/ISIC_0013867.jpg,0.370055,0.0238271
data/test/melanoma/ISIC_0013908.jpg,0.410815,0.298472
data/test/melanoma/ISIC_0013917.jpg,0.00237916,0.0641769
data/test/melanoma/ISIC_0013925.jpg,0.0102101,0.971345
data/test/melanoma/ISIC_0013948.jpg,0.644148,0.0198649
data/test/melanoma/ISIC_0013953.jpg,0.0667582,0.642797
data/test/melanoma/ISIC_0013987.jpg,0.299814,0.380008
data/test/melanoma/ISIC_0013988.jpg,0.253679,0.418677
data/test/melanoma/ISIC_0014027.jpg,0.0146964,0.863694
data/test/melanoma/ISIC_0014059.jpg,0.0200483,0.000784189
data/test/melanoma/ISIC_0014077.jpg,0.22189,0.0756358
data/test/melanoma/ISIC_0014103.jpg,0.0629142,0.41888
data/test/melanoma/ISIC_0014110.jpg,0.184365,0.00856981
data/test/melanoma/ISIC_0014129.jpg,0.627261,0.21291
data/test/melanoma/ISIC_0014148.jpg,0.348797,0.406527
data/test/melanoma/ISIC_0014160.jpg,0.557129,0.0830176
data/test/melanoma/ISIC_0014181.jpg,0.694617,0.0968439
data/test/melanoma/ISIC_0014186.jpg,0.0672163,0.537145
data/test/melanoma/ISIC_0014219.jpg,0.324516,0.546742
data/test/melanoma/ISIC_0014221.jpg,0.033062,0.0284004
data/test/melanoma/ISIC_0014233.jpg,0.167969,0.709141
data/test/melanoma/ISIC_0014255.jpg,0.103821,0.0465287
data/test/melanoma/ISIC_0014270.jpg,0.341497,0.362488
data/test/melanoma/ISIC_0014284.jpg,0.394479,0.427242
data/test/melanoma/ISIC_0014288.jpg,0.336821,0.0720724
data/test/melanoma/ISIC_0014319.jpg,0.720618,0.0193344
data/test/melanoma/ISIC_0014336.jpg,0.593179,0.345379
data/test/melanoma/ISIC_0014349.jpg,0.450209,0.32057
data/test/melanoma/ISIC_0014369.jpg,0.364943,0.0315495
data/test/melanoma/ISIC_0014423.jpg,0.474568,0.240097
data/test/melanoma/ISIC_0014434.jpg,0.0181174,0.956654
data/test/melanoma/ISIC_0014454.jpg,0.283788,0.146728
data/test/melanoma/ISIC_0014478.jpg,0.582382,0.00901239
data/test/melanoma/ISIC_0014489.jpg,0.6981,0.0503979
data/test/melanoma/ISIC_0014506.jpg,0.469307,0.388982
data/test/melanoma/ISIC_0014513.jpg,0.320015,0.382518
data/test/melanoma/ISIC_0014541.jpg,0.872248,0.0301521
data/test/melanoma/ISIC_0014542.jpg,0.169795,0.0456828
data/test/melanoma/ISIC_0014546.jpg,0.627981,0.0135948
data/test/melanoma/ISIC_0014548.jpg,0.488742,0.00637228
data/test/melanoma/ISIC_0014559.jpg,0.434536,0.540574
data/test/melanoma/ISIC_0014663.jpg,0.811024,0.0193425
data/test/melanoma/ISIC_0014666.jpg,0.491404,0.331627
data/test/melanoma/ISIC_0014695.jpg,0.140867,0.155298
data/test/melanoma/ISIC_0014703.jpg,0.299439,0.457866
data/test/melanoma/ISIC_0014727.jpg,0.233539,0.466165
data/test/melanoma/ISIC_0014766.jpg,0.495715,0.232325
data/test/melanoma/ISIC_0014772.jpg,0.191906,0.046271
data/test/melanoma/ISIC_0014784.jpg,0.1039,0.865053
data/test/melanoma/ISIC_0014790.jpg,0.0877712,0.890923
data/test/melanoma/ISIC_0014800.jpg,0.0767343,0.00495847
data/test/melanoma/ISIC_0014826.jpg,0.113783,0.000373377
data/test/melanoma/ISIC_0014862.jpg,0.299759,0.109816
data/test/melanoma/ISIC_0014872.jpg,0.0811862,0.844777
data/test/melanoma/ISIC_0014883.jpg,0.0575284,7.96287e-05
data/test/melanoma/ISIC_0014912.jpg,0.433179,0.0270585
data/test/melanoma/ISIC_0014928.jpg,0.0184244,0.00282793
data/test/melanoma/ISIC_0014932.jpg,0.0432123,0.00694131
data/test/melanoma/ISIC_0014963.jpg,0.782192,0.0280899
data/test/melanoma/ISIC_0014982.jpg,0.450781,0.0608966
data/test/melanoma/ISIC_0015004.jpg,0.0825386,0.0212524
data/test/melanoma/ISIC_0015041.jpg,0.372932,0.0223408
data/test/melanoma/ISIC_0015046.jpg,0.117973,0.187584
data/test/melanoma/ISIC_0015050.jpg,0.608803,0.0611146
data/test/melanoma/ISIC_0015071.jpg,0.811741,0.0116046
data/test/melanoma/ISIC_0015115.jpg,0.468322,0.036951
data/test/melanoma/ISIC_0015119.jpg,0.733605,0.0165488
data/test/melanoma/ISIC_0015127.jpg,0.285719,0.000600246
data/test/melanoma/ISIC_0015132.jpg,0.569255,0.0174878
data/test/melanoma/ISIC_0015133.jpg,0.232956,0.0672582
data/test/melanoma/ISIC_0015136.jpg,0.48871,0.00888281
data/test/melanoma/ISIC_0015142.jpg,0.470128,0.0522367
data/test/melanoma/ISIC_0015156.jpg,0.341371,0.0670238
data/test/melanoma/ISIC_0015163.jpg,0.312404,0.289182
data/test/melanoma/ISIC_0015167.jpg,0.555448,0.363178
data/test/melanoma/ISIC_0015180.jpg,0.455709,0.353774
data/test/melanoma/ISIC_0015185.jpg,0.317209,0.1912
data/test/melanoma/ISIC_0015193.jpg,0.219187,0.00980399
data/test/melanoma/ISIC_0015206.jpg,0.423459,0.0102449
data/test/melanoma/ISIC_0015229.jpg,0.828075,0.0927825
data/test/melanoma/ISIC_0015251.jpg,0.207214,0.02775
data/test/nevus/ISIC_0012092.jpg,0.0523728,0.043731
data/test/nevus/ISIC_0012095.jpg,0.0970488,0.032333
data/test/nevus/ISIC_0012147.jpg,0.00924739,0.0530411
data/test/nevus/ISIC_0012149.jpg,0.0526882,0.795638
data/test/nevus/ISIC_0012152.jpg,0.0171272,0.882267
data/test/nevus/ISIC_0012216.jpg,0.051723,0.309982
data/test/nevus/ISIC_0012357.jpg,0.422611,0.357425
data/test/nevus/ISIC_0012484.jpg,0.0878851,0.484039
data/test/nevus/ISIC_0012493.jpg,0.0578935,0.0560297
data/test/nevus/ISIC_0012551.jpg,0.0161368,0.175203
data/test/nevus/ISIC_0012654.jpg,0.0175664,0.0132651
data/test/nevus/ISIC_0012656.jpg,0.192211,0.0003394
data/test/nevus/ISIC_0012708.jpg,0.0114339,0.0901998
data/test/nevus/ISIC_0012722.jpg,0.0516973,0.0164783
data/test/nevus/ISIC_0012803.jpg,0.23375,0.324915
data/test/nevus/ISIC_0012836.jpg,0.0716372,0.0326584
data/test/nevus/ISIC_0012837.jpg,0.048989,0.622238
data/test/nevus/ISIC_0012903.jpg,0.0107343,0.0172774
data/test/nevus/ISIC_0012904.jpg,0.00702601,0.0222427
data/test/nevus/ISIC_0012941.jpg,0.00335278,0.323616
data/test/nevus/ISIC_0012967.jpg,0.0302731,0.638136
data/test/nevus/ISIC_0013045.jpg,0.0878,0.00059152
data/test/nevus/ISIC_0013070.jpg,0.0279128,0.0100154
data/test/nevus/ISIC_0013109.jpg,0.0286237,0.0036591
data/test/nevus/ISIC_0013159.jpg,0.0251333,0.738849
data/test/nevus/ISIC_0013164.jpg,0.00964212,0.00738449
data/test/nevus/ISIC_0013176.jpg,0.111032,0.00993098
data/test/nevus/ISIC_0013191.jpg,0.071556,0.120921
data/test/nevus/ISIC_0013216.jpg,0.0420647,0.190261
data/test/nevus/ISIC_0013226.jpg,0.0158943,0.141726
data/test/nevus/ISIC_0013230.jpg,0.0211464,0.00358071
data/test/nevus/ISIC_0013269.jpg,0.347607,0.0076604
data/test/nevus/ISIC_0013291.jpg,0.18726,0.000961869
data/test/nevus/ISIC_0013325.jpg,0.0181887,0.0220705
data/test/nevus/ISIC_0013399.jpg,0.0100815,0.0479665
data/test/nevus/ISIC_0013416.jpg,0.00809206,0.0329965
data/test/nevus/ISIC_0013511.jpg,0.420012,0.209212
data/test/nevus/ISIC_0013512.jpg,0.0892568,0.404854
data/test/nevus/ISIC_0013529.jpg,0.114347,0.00218016
data/test/nevus/ISIC_0013600.jpg,0.380896,0.0449582
data/test/nevus/ISIC_0013602.jpg,0.62679,0.00347149
data/test/nevus/ISIC_0013738.jpg,0.00784603,0.00492461
data/test/nevus/ISIC_0013794.jpg,0.00810047,0.00166957
data/test/nevus/ISIC_0013809.jpg,0.743571,0.00819372
data/test/nevus/ISIC_0013891.jpg,0.105238,0.161339
data/test/nevus/ISIC_0013897.jpg,0.496065,0.303394
data/test/nevus/ISIC_0013911.jpg,0.140284,0.372666
data/test/nevus/ISIC_0013966.jpg,0.0486399,0.798351
data/test/nevus/ISIC_0013998.jpg,0.0952905,0.0408131
data/test/nevus/ISIC_0014090.jpg,0.00323809,0.00265602
data/test/nevus/ISIC_0014117.jpg,0.0661122,0.0105958
data/test/nevus/ISIC_0014470.jpg,0.00541703,0.909488
data/test/nevus/ISIC_0014675.jpg,0.00867324,0.000234942
data/test/nevus/ISIC_0014677.jpg,0.0403104,0.0153196
data/test/nevus/ISIC_0014687.jpg,0.258203,0.0113462
data/test/nevus/ISIC_0014693.jpg,0.421691,0.0235522
data/test/nevus/ISIC_0014697.jpg,0.0627289,0.262943
data/test/nevus/ISIC_0014698.jpg,0.0286717,0.021204
data/test/nevus/ISIC_0014720.jpg,0.107198,0.00028202
data/test/nevus/ISIC_0014725.jpg,0.228923,0.00750507
data/test/nevus/ISIC_0014728.jpg,0.281971,0.00788939
data/test/nevus/ISIC_0014729.jpg,0.0835901,0.0656335
data/test/nevus/ISIC_0014740.jpg,0.380307,0.24845
data/test/nevus/ISIC_0014743.jpg,0.174987,0.0617473
data/test/nevus/ISIC_0014746.jpg,0.104402,0.00363409
data/test/nevus/ISIC_0014749.jpg,0.122058,0.00890701
data/test/nevus/ISIC_0014753.jpg,0.405944,0.00427065
data/test/nevus/ISIC_0014755.jpg,0.370772,0.00211323
data/test/nevus/ISIC_0014765.jpg,0.0348732,0.00859366
data/test/nevus/ISIC_0014768.jpg,0.00567207,0.000214164
data/test/nevus/ISIC_0014773.jpg,0.0121345,0.00122015
data/test/nevus/ISIC_0014780.jpg,0.20429,0.00131035
data/test/nevus/ISIC_0014786.jpg,0.103067,0.608262
data/test/nevus/ISIC_0014787.jpg,0.123883,0.0048654
data/test/nevus/ISIC_0014792.jpg,0.0685491,0.786156
data/test/nevus/ISIC_0014796.jpg,0.0220089,0.002832
data/test/nevus/ISIC_0014798.jpg,0.217942,0.0539633
data/test/nevus/ISIC_0014807.jpg,0.169558,0.00165043
data/test/nevus/ISIC_0014814.jpg,0.0306564,0.0190726
data/test/nevus/ISIC_0014815.jpg,0.0584904,0.0616849
data/test/nevus/ISIC_0014820.jpg,0.0100319,0.00227138
data/test/nevus/ISIC_0014822.jpg,0.151918,0.0127105
data/test/nevus/ISIC_0014833.jpg,0.202522,0.256771
data/test/nevus/ISIC_0014835.jpg,0.247476,0.00557965
data/test/nevus/ISIC_0014844.jpg,0.161124,0.0412283
data/test/nevus/ISIC_0014853.jpg,0.0187922,0.000268936
data/test/nevus/ISIC_0014854.jpg,0.219193,0.00959737
data/test/nevus/ISIC_0014863.jpg,0.0798309,0.0884101
data/test/nevus/ISIC_0014867.jpg,0.0350815,0.0073633
data/test/nevus/ISIC_0014868.jpg,0.100823,0.0697633
data/test/nevus/ISIC_0014876.jpg,0.0301201,0.0186638
data/test/nevus/ISIC_0014879.jpg,0.00256923,0.10391
data/test/nevus/ISIC_0014901.jpg,0.0635373,0.0988084
data/test/nevus/ISIC_0014907.jpg,0.0947263,0.0611569
data/test/nevus/ISIC_0014910.jpg,0.167242,0.0120986
data/test/nevus/ISIC_0014921.jpg,0.0186896,0.000702897
data/test/nevus/ISIC_0014927.jpg,0.102996,0.000581484
data/test/nevus/ISIC_0014936.jpg,0.0899345,0.000319237
data/test/nevus/ISIC_0014938.jpg,0.507762,0.000664593
data/test/nevus/ISIC_0014940.jpg,0.0523634,0.000240669
data/test/nevus/ISIC_0014941.jpg,0.122371,0.000124666
data/test/nevus/ISIC_0014942.jpg,0.0166154,0.0221768
data/test/nevus/ISIC_0014943.jpg,0.057211,0.0060952
data/test/nevus/ISIC_0014944.jpg,0.04227,0.00028186
data/test/nevus/ISIC_0014947.jpg,0.100991,0.000195056
data/test/nevus/ISIC_0014948.jpg,0.557744,0.0075882
data/test/nevus/ISIC_0014949.jpg,0.0675714,0.000418037
data/test/nevus/ISIC_0014952.jpg,0.178741,0.00419505
data/test/nevus/ISIC_0014955.jpg,0.507481,0.0128985
data/test/nevus/ISIC_0014956.jpg,0.349174,0.00602465
data/test/nevus/ISIC_0014957.jpg,0.0968245,0.000526632
data/test/nevus/ISIC_0014958.jpg,0.150731,0.0269609
data/test/nevus/ISIC_0014959.jpg,0.00848102,0.00103306
data/test/nevus/ISIC_0014961.jpg,0.219828,0.00568718
data/test/nevus/ISIC_0014962.jpg,0.0699585,0.304438
data/test/nevus/ISIC_0014964.jpg,0.112085,0.000864597
data/test/nevus/ISIC_0014966.jpg,0.269165,0.00497535
data/test/nevus/ISIC_0014968.jpg,0.263752,0.0151991
data/test/nevus/ISIC_0014969.jpg,0.0927876,0.0120752
data/test/nevus/ISIC_0014973.jpg,0.420098,0.0103743
data/test/nevus/ISIC_0014974.jpg,0.0848698,0.0598075
data/test/nevus/ISIC_0014977.jpg,0.0648321,0.00218328
data/test/nevus/ISIC_0014992.jpg,0.0276815,0.000371135
data/test/nevus/ISIC_0014994.jpg,0.013347,0.00536815
data/test/nevus/ISIC_0014998.jpg,0.30668,0.0517054
data/test/nevus/ISIC_0015002.jpg,0.0594078,0.127884
data/test/nevus/ISIC_0015003.jpg,0.328383,0.13066
data/test/nevus/ISIC_0015007.jpg,0.00840369,0.00987144
data/test/nevus/ISIC_0015008.jpg,0.34732,0.131827
data/test/nevus/ISIC_0015009.jpg,0.2885,0.481127
data/test/nevus/ISIC_0015011.jpg,0.20353,0.412667
data/test/nevus/ISIC_0015013.jpg,0.500611,0.0305539
data/test/nevus/ISIC_0015015.jpg,0.126452,0.0570848
data/test/nevus/ISIC_0015016.jpg,0.169003,0.0829575
data/test/nevus/ISIC_0015018.jpg,0.171504,0.0546725
data/test/nevus/ISIC_0015019.jpg,0.240498,0.122633
data/test/nevus/ISIC_0015020.jpg,0.514651,0.0448537
data/test/nevus/ISIC_0015021.jpg,0.0177674,0.0121053
data/test/nevus/ISIC_0015023.jpg,0.0690077,0.0124634
data/test/nevus/ISIC_0015026.jpg,0.0554232,0.0511433
data/test/nevus/ISIC_0015030.jpg,0.0177493,0.000955841
data/test/nevus/ISIC_0015031.jpg,0.0943107,0.516968
data/test/nevus/ISIC_0015034.jpg,0.0304487,0.00929106
data/test/nevus/ISIC_0015035.jpg,0.00811533,0.00351011
data/test/nevus/ISIC_0015037.jpg,0.198848,0.0695583
data/test/nevus/ISIC_0015040.jpg,0.0495217,0.16267
data/test/nevus/ISIC_0015051.jpg,0.0854423,0.0442546
data/test/nevus/ISIC_0015056.jpg,0.430762,0.113229
data/test/nevus/ISIC_0015057.jpg,0.101281,0.0397798
data/test/nevus/ISIC_0015060.jpg,0.0281154,0.0207212
data/test/nevus/ISIC_0015064.jpg,0.208296,0.0254658
data/test/nevus/ISIC_0015078.jpg,0.0654365,0.220191
data/test/nevus/ISIC_0015089.jpg,0.0583654,0.00946498
data/test/nevus/ISIC_0015102.jpg,0.231057,0.0299566
data/test/nevus/ISIC_0015118.jpg,0.0627684,0.0263389
data/test/nevus/ISIC_0015125.jpg,0.090737,0.00070273
data/test/nevus/ISIC_0015129.jpg,0.0486067,0.0443563
data/test/nevus/ISIC_0015130.jpg,0.122491,0.00214063
data/test/nevus/ISIC_0015139.jpg,0.0776278,0.000842237
data/test/nevus/ISIC_0015140.jpg,0.529055,0.0148982
data/test/nevus/ISIC_0015146.jpg,0.264374,0.00174874
data/test/nevus/ISIC_0015149.jpg,0.388943,0.0272013
data/test/nevus/ISIC_0015150.jpg,0.209405,0.0129077
data/test/nevus/ISIC_0015152.jpg,0.0218713,0.16559
data/test/nevus/ISIC_0015155.jpg,0.0283199,0.0252511
data/test/nevus/ISIC_0015157.jpg,0.0701352,0.0123891
data/test/nevus/ISIC_0015160.jpg,0.0103256,0.324378
data/test/nevus/ISIC_0015161.jpg,0.0673958,0.0459301
data/test/nevus/ISIC_0015171.jpg,0.31307,0.453247
data/test/nevus/ISIC_0015173.jpg,0.330833,0.234247
data/test/nevus/ISIC_0015174.jpg,0.0663485,0.0166256
data/test/nevus/ISIC_0015175.jpg,0.0898673,0.0353098
data/test/nevus/ISIC_0015176.jpg,0.322416,0.0261837
data/test/nevus/ISIC_0015179.jpg,0.12119,0.0900059
data/test/nevus/ISIC_0015184.jpg,0.0169073,0.0016989
data/test/nevus/ISIC_0015201.jpg,0.132818,0.000316365
data/test/nevus/ISIC_0015202.jpg,0.0336033,0.000411833
data/test/nevus/ISIC_0015203.jpg,0.312714,0.0963415
data/test/nevus/ISIC_0015207.jpg,0.280435,0.0971463
data/test/nevus/ISIC_0015208.jpg,0.30682,0.00317446
data/test/nevus/ISIC_0015212.jpg,0.00313291,2.29333e-05
data/test/nevus/ISIC_0015215.jpg,0.0541795,0.057401
data/test/nevus/ISIC_0015216.jpg,0.269104,0.11647
data/test/nevus/ISIC_0015217.jpg,0.0228882,0.00125962
data/test/nevus/ISIC_0015218.jpg,0.0264614,0.000844926
data/test/nevus/ISIC_0015223.jpg,0.00716011,0.00148508
data/test/nevus/ISIC_0015224.jpg,0.124021,0.0722893
data/test/nevus/ISIC_0015226.jpg,0.0898443,0.0453529
data/test/nevus/ISIC_0015232.jpg,0.148424,0.218756
data/test/nevus/ISIC_0015237.jpg,0.370271,0.0159481
data/test/nevus/ISIC_0015241.jpg,0.0253504,0.00515557
data/test/nevus/ISIC_0015244.jpg,0.0710226,0.11462
data/test/nevus/ISIC_0015245.jpg,0.0527993,0.0762023
data/test/nevus/ISIC_0015250.jpg,0.0694484,0.301135
data/test/nevus/ISIC_0015254.jpg,0.196791,0.128312
data/test/nevus/ISIC_0015255.jpg,0.495151,0.108478
data/test/nevus/ISIC_0015258.jpg,0.21917,0.0478262
data/test/nevus/ISIC_0015264.jpg,0.0586798,0.254617
data/test/nevus/ISIC_0015270.jpg,0.0439406,0.0192127
data/test/nevus/ISIC_0015273.jpg,0.00988683,0.0149376
data/test/nevus/ISIC_0015274.jpg,0.284248,0.0218826
data/test/nevus/ISIC_0015276.jpg,0.0303753,0.00267592
data/test/nevus/ISIC_0015279.jpg,0.0664124,0.0204847
data/test/nevus/ISIC_0015283.jpg,0.173675,0.00197471
data/test/nevus/ISIC_0015291.jpg,0.0108188,0.00628546
data/test/nevus/ISIC_0015293.jpg,0.172865,0.0392144
data/test/nevus/ISIC_0015298.jpg,0.0301639,0.0063656
data/test/nevus/ISIC_0015309.jpg,0.00921946,0.088511
data/test/nevus/ISIC_0015310.jpg,0.156199,0.100709
data/test/nevus/ISIC_0015311.jpg,0.149236,0.00395163
data/test/nevus/ISIC_0015312.jpg,0.162995,0.00066911
data/test/nevus/ISIC_0015330.jpg,0.0471816,0.00557016
data/test/nevus/ISIC_0015331.jpg,0.0178979,0.00378858
data/test/nevus/ISIC_0015347.jpg,0.123235,0.000200721
data/test/nevus/ISIC_0015353.jpg,0.202887,0.00277292
data/test/nevus/ISIC_0015355.jpg,0.05243,0.195233
data/test/nevus/ISIC_0015357.jpg,0.00881529,0.0016283
data/test/nevus/ISIC_0015360.jpg,0.0941121,0.000151847
data/test/nevus/ISIC_0015363.jpg,0.3584,0.203906
data/test/nevus/ISIC_0015364.jpg,0.134024,0.221748
data/test/nevus/ISIC_0015368.jpg,0.259056,0.0309268
data/test/nevus/ISIC_0015369.jpg,0.165369,0.0128715
data/test/nevus/ISIC_0015383.jpg,0.0265147,0.000111312
data/test/nevus/ISIC_0015386.jpg,0.137685,0.000900195
data/test/nevus/ISIC_0015390.jpg,0.292216,0.0397505
data/test/nevus/ISIC_0015395.jpg,0.0265034,0.211702
data/test/nevus/ISIC_0015403.jpg,0.301619,0.00638476
data/test/nevus/ISIC_0015404.jpg,0.398416,0.124284
data/test/nevus/ISIC_0015411.jpg,0.00190885,0.000305361
data/test/nevus/ISIC_0015412.jpg,0.145748,0.106293
data/test/nevus/ISIC_0015416.jpg,0.342893,0.151751
data/test/nevus/ISIC_0015417.jpg,0.383598,0.0324134
data/test/nevus/ISIC_0015418.jpg,0.0853182,0.0606648
data/test/nevus/ISIC_0015419.jpg,0.112871,0.190425
data/test/nevus/ISIC_0015436.jpg,0.469714,0.142727
data/test/nevus/ISIC_0015440.jpg,0.0124715,0.00278611
data/test/nevus/ISIC_0015447.jpg,0.446583,0.101214
data/test/nevus/ISIC_0015455.jpg,0.174609,0.451255
data/test/nevus/ISIC_0015464.jpg,0.50242,0.0445384
data/test/nevus/ISIC_0015466.jpg,0.0987305,0.0746094
data/test/nevus/ISIC_0015468.jpg,0.0108056,0.0268398
data/test/nevus/ISIC_0015476.jpg,0.0324666,0.00524461
data/test/nevus/ISIC_0015481.jpg,0.21371,0.00583369
data/test/nevus/ISIC_0015482.jpg,0.322875,0.00458232
data/test/nevus/ISIC_0015485.jpg,0.104396,0.0442875
data/test/nevus/ISIC_0015510.jpg,0.025525,0.00245532
data/test/nevus/ISIC_0015526.jpg,0.0389707,0.000426088
data/test/nevus/ISIC_0015537.jpg,0.519558,0.00658384
data/test/nevus/ISIC_0015544.jpg,0.232512,0.000617673
data/test/nevus/ISIC_0015559.jpg,0.393959,0.00103486
data/test/nevus/ISIC_0015563.jpg,0.125538,0.0236283
data/test/nevus/ISIC_0015566.jpg,0.25076,0.000365316
data/test/nevus/ISIC_0015568.jpg,0.28607,0.000550663
data/test/nevus/ISIC_0015582.jpg,0.0307157,0.000261999
data/test/nevus/ISIC_0015593.jpg,0.0949133,0.219982
data/test/nevus/ISIC_0015603.jpg,0.0110768,0.000228092
data/test/nevus/ISIC_0015607.jpg,0.14954,0.195986
data/test/nevus/ISIC_0015614.jpg,0.284372,0.0675002
data/test/nevus/ISIC_0015617.jpg,0.211477,0.0278784
data/test/nevus/ISIC_0015625.jpg,0.0156597,0.000542379
data/test/nevus/ISIC_0015631.jpg,0.0521046,0.0321215
data/test/nevus/ISIC_0015636.jpg,0.349934,0.00490239
data/test/nevus/ISIC_0015638.jpg,0.0391345,0.000326038
data/test/nevus/ISIC_0015641.jpg,0.122083,0.195081
data/test/nevus/ISIC_0015645.jpg,0.045827,0.00300467
data/test/nevus/ISIC_0015936.jpg,0.0222792,0.0376841
data/test/nevus/ISIC_0015937.jpg,0.00858751,0.0105432
data/test/nevus/ISIC_0015938.jpg,0.033424,0.00417758
data/test/nevus/ISIC_0015939.jpg,0.251689,0.0200087
data/test/nevus/ISIC_0015940.jpg,0.0217277,0.0257109
data/test/nevus/ISIC_0015941.jpg,0.00397229,9.50407e-05
data/test/nevus/ISIC_0015942.jpg,0.0077348,0.00616806
data/test/nevus/ISIC_0015943.jpg,0.0306705,0.0165176
data/test/nevus/ISIC_0015944.jpg,0.0654181,0.712007
data/test/nevus/ISIC_0015945.jpg,0.168101,0.209154
data/test/nevus/ISIC_0015946.jpg,0.180691,0.0259718
data/test/nevus/ISIC_0015947.jpg,0.0761972,0.0114865
data/test/nevus/ISIC_0015948.jpg,0.0241759,0.00104702
data/test/nevus/ISIC_0015949.jpg,0.0121642,0.000401949
data/test/nevus/ISIC_0015950.jpg,0.0296208,0.0629867
data/test/nevus/ISIC_0015951.jpg,0.0124333,0.14032
data/test/nevus/ISIC_0015952.jpg,0.162997,0.0700628
data/test/nevus/ISIC_0015953.jpg,0.0760342,0.60357
data/test/nevus/ISIC_0015954.jpg,0.0773011,0.00458954
data/test/nevus/ISIC_0015955.jpg,0.0995958,0.107637
data/test/nevus/ISIC_0015956.jpg,0.0777357,0.00529475
data/test/nevus/ISIC_0015957.jpg,0.0452684,0.138669
data/test/nevus/ISIC_0015958.jpg,0.0429144,0.596453
data/test/nevus/ISIC_0015959.jpg,0.249947,0.00515472
data/test/nevus/ISIC_0015960.jpg,0.0683215,6.84771e-05
data/test/nevus/ISIC_0015961.jpg,0.254242,0.00100261
data/test/nevus/ISIC_0015962.jpg,0.187236,0.0606497
data/test/nevus/ISIC_0015963.jpg,0.00652742,0.0127875
data/test/nevus/ISIC_0015964.jpg,0.0388441,0.0220715
data/test/nevus/ISIC_0015965.jpg,0.222281,0.00591909
data/test/nevus/ISIC_0015966.jpg,0.0662314,0.248549
data/test/nevus/ISIC_0015967.jpg,0.0594078,0.0270922
data/test/nevus/ISIC_0015968.jpg,0.7374,0.0803218
data/test/nevus/ISIC_0015969.jpg,0.152001,0.311445
data/test/nevus/ISIC_0015971.jpg,0.030768,0.00118775
data/test/nevus/ISIC_0015972.jpg,0.00353858,0.76862
data/test/nevus/ISIC_0015973.jpg,0.0166322,0.371043
data/test/nevus/ISIC_0015974.jpg,0.0305931,0.114893
data/test/nevus/ISIC_0015975.jpg,0.00679454,0.00640563
data/test/nevus/ISIC_0015976.jpg,0.0356681,0.0112801
data/test/nevus/ISIC_0015978.jpg,0.0158284,0.455022
data/test/nevus/ISIC_0015979.jpg,0.0171272,0.882267
data/test/nevus/ISIC_0015980.jpg,0.0209483,0.0194881
data/test/nevus/ISIC_0015981.jpg,0.0456552,0.0164723
data/test/nevus/ISIC_0015982.jpg,0.0105599,0.000509011
data/test/nevus/ISIC_0015983.jpg,0.286917,0.105571
data/test/nevus/ISIC_0015984.jpg,0.0356812,0.125269
data/test/nevus/ISIC_0015985.jpg,0.0304958,0.0034723
data/test/nevus/ISIC_0015986.jpg,0.070908,0.0300804
data/test/nevus/ISIC_0015987.jpg,0.025598,0.0184172
data/test/nevus/ISIC_0015988.jpg,0.266679,0.0491649
data/test/nevus/ISIC_0015989.jpg,0.0451652,0.109443
data/test/nevus/ISIC_0015990.jpg,0.0253786,0.000629095
data/test/nevus/ISIC_0015991.jpg,0.0850133,0.00836631
data/test/nevus/ISIC_0015992.jpg,0.0171903,0.0011028
data/test/nevus/ISIC_0015993.jpg,0.0624158,0.0104913
data/test/nevus/ISIC_0015994.jpg,0.0632189,0.00270835
data/test/nevus/ISIC_0015995.jpg,0.50402,0.00777084
data/test/nevus/ISIC_0015996.jpg,0.161513,0.00938376
data/test/nevus/ISIC_0015997.jpg,0.023847,0.00232698
data/test/nevus/ISIC_0015998.jpg,0.109654,0.00328451
data/test/nevus/ISIC_0015999.jpg,0.0077227,0.00480289
data/test/nevus/ISIC_0016000.jpg,0.601934,0.211148
data/test/nevus/ISIC_0016001.jpg,0.051723,0.309982
data/test/nevus/ISIC_0016002.jpg,0.0273479,0.0840383
data/test/nevus/ISIC_0016003.jpg,0.0503775,0.0105693
data/test/nevus/ISIC_0016004.jpg,0.528602,0.105967
data/test/nevus/ISIC_0016005.jpg,0.0433933,0.0422513
data/test/nevus/ISIC_0016006.jpg,0.0257645,0.693307
data/test/nevus/ISIC_0016007.jpg,0.0363072,0.548003
data/test/nevus/ISIC_0016008.jpg,0.388716,0.27822
data/test/nevus/ISIC_0016009.jpg,0.0276875,0.0379919
data/test/nevus/ISIC_0016011.jpg,0.000865331,0.961176
data/test/nevus/ISIC_0016012.jpg,0.121118,0.0281196
data/test/nevus/ISIC_0016013.jpg,0.00462087,0.880622
data/test/nevus/ISIC_0016014.jpg,0.00245672,0.00361105
data/test/nevus/ISIC_0016015.jpg,0.00889168,0.0267808
data/test/nevus/ISIC_0016016.jpg,0.0328726,0.40136
data/test/nevus/ISIC_0016017.jpg,0.00731253,0.0097894
data/test/nevus/ISIC_0016018.jpg,0.0136049,0.0105608
data/test/nevus/ISIC_0016019.jpg,0.0983331,0.620513
data/test/nevus/ISIC_0016022.jpg,0.484776,0.0094133
data/test/nevus/ISIC_0016023.jpg,0.0092873,0.880563
data/test/nevus/ISIC_0016024.jpg,0.727706,0.10534
data/test/nevus/ISIC_0016025.jpg,0.0929905,0.0539617
data/test/nevus/ISIC_0016026.jpg,0.117267,0.0911089
data/test/nevus/ISIC_0016027.jpg,0.0594961,0.364455
data/test/nevus/ISIC_0016028.jpg,0.00121937,0.0544511
data/test/nevus/ISIC_0016029.jpg,0.0260872,0.0138083
data/test/nevus/ISIC_0016030.jpg,0.0885782,0.103792
data/test/nevus/ISIC_0016031.jpg,0.18046,0.000948934
data/test/nevus/ISIC_0016033.jpg,0.379116,0.206262
data/test/nevus/ISIC_0016034.jpg,0.364751,0.0849647
data/test/nevus/ISIC_0016035.jpg,0.189951,0.191297
data/test/nevus/ISIC_0016036.jpg,0.26189,0.119135
data/test/nevus/ISIC_0016037.jpg,0.112287,0.123719
data/test/nevus/ISIC_0016038.jpg,0.0153772,0.000931224
data/test/nevus/ISIC_0016040.jpg,0.19546,0.0377632
data/test/nevus/ISIC_0016041.jpg,0.147311,0.1568
data/test/nevus/ISIC_0016042.jpg,0.0770608,0.101169
data/test/nevus/ISIC_0016043.jpg,0.0807253,0.0175381
data/test/nevus/ISIC_0016044.jpg,0.047935,0.40269
data/test/nevus/ISIC_0016045.jpg,0.119029,0.00800011
data/test/nevus/ISIC_0016046.jpg,0.11609,0.00205925
data/test/nevus/ISIC_0016048.jpg,0.105992,0.00438235
data/test/nevus/ISIC_0016049.jpg,0.0562382,0.000881236
data/test/nevus/ISIC_0016050.jpg,0.219724,0.0208916
data/test/nevus/ISIC_0016051.jpg,0.043394,0.0244817
data/test/nevus/ISIC_0016052.jpg,0.341866,0.00212656
data/test/nevus/ISIC_0016053.jpg,0.0543323,0.00178789
data/test/nevus/ISIC_0016054.jpg,0.160911,0.261012
data/test/nevus/ISIC_0016055.jpg,0.0198107,0.0102665
data/test/nevus/ISIC_0016056.jpg,0.226306,0.248639
data/test/nevus/ISIC_0016057.jpg,0.269145,0.0437036
data/test/nevus/ISIC_0016058.jpg,0.0350685,0.423918
data/test/nevus/ISIC_0016059.jpg,0.144752,0.0137519
data/test/nevus/ISIC_0016060.jpg,0.439333,0.050266
data/test/nevus/ISIC_0016061.jpg,0.0739616,0.000670012
data/test/nevus/ISIC_0016062.jpg,0.165119,0.00391603
data/test/nevus/ISIC_0016063.jpg,0.257981,0.0110765
data/test/nevus/ISIC_0016064.jpg,0.0238647,0.617667
data/test/nevus/ISIC_0016065.jpg,0.0135636,0.21193
data/test/nevus/ISIC_0016066.jpg,0.718884,0.0169784
data/test/nevus/ISIC_0016068.jpg,0.486039,0.0198614
data/test/nevus/ISIC_0016069.jpg,0.0402737,0.016617
data/test/nevus/ISIC_0016070.jpg,0.0177391,0.0534516
data/test/nevus/ISIC_0016071.jpg,0.106624,0.00377757
data/test/nevus/ISIC_0016072.jpg,0.430033,0.0387814
data/test/seborrheic_keratosis/ISIC_0012086.jpg,0.0123307,0.961781
data/test/seborrheic_keratosis/ISIC_0012134.jpg,0.182118,0.750733
data/test/seborrheic_keratosis/ISIC_0012136.jpg,0.0135876,0.732506
data/test/seborrheic_keratosis/ISIC_0012178.jpg,0.117572,0.618452
data/test/seborrheic_keratosis/ISIC_0012199.jpg,0.482543,0.270999
data/test/seborrheic_keratosis/ISIC_0012207.jpg,0.055987,0.377729
data/test/seborrheic_keratosis/ISIC_0012215.jpg,0.0497514,0.921045
data/test/seborrheic_keratosis/ISIC_0012223.jpg,0.286851,0.342344
data/test/seborrheic_keratosis/ISIC_0012240.jpg,0.0946743,0.874079
data/test/seborrheic_keratosis/ISIC_0012248.jpg,0.0712562,0.734947
data/test/seborrheic_keratosis/ISIC_0012265.jpg,0.734625,0.0501558
data/test/seborrheic_keratosis/ISIC_0012266.jpg,0.119467,0.605584
data/test/seborrheic_keratosis/ISIC_0012272.jpg,0.0278149,0.304283
data/test/seborrheic_keratosis/ISIC_0012273.jpg,0.0114527,0.978165
data/test/seborrheic_keratosis/ISIC_0012314.jpg,0.0709943,0.241
data/test/seborrheic_keratosis/ISIC_0012323.jpg,0.0232673,0.92559
data/test/seborrheic_keratosis/ISIC_0012330.jpg,0.00240594,0.980775
data/test/seborrheic_keratosis/ISIC_0012358.jpg,0.185209,0.0858481
data/test/seborrheic_keratosis/ISIC_0012364.jpg,0.0126613,0.601889
data/test/seborrheic_keratosis/ISIC_0012372.jpg,0.0156173,0.59108
data/test/seborrheic_keratosis/ISIC_0012375.jpg,0.160066,0.623208
data/test/seborrheic_keratosis/ISIC_0012387.jpg,0.00262245,0.98107
data/test/seborrheic_keratosis/ISIC_0012388.jpg,0.0192984,0.187714
data/test/seborrheic_keratosis/ISIC_0012414.jpg,0.113933,0.263891
data/test/seborrheic_keratosis/ISIC_0012428.jpg,0.141726,0.142242
data/test/seborrheic_keratosis/ISIC_0012432.jpg,0.0245847,0.41889
data/test/seborrheic_keratosis/ISIC_0012447.jpg,0.0201005,0.811961
data/test/seborrheic_keratosis/ISIC_0012448.jpg,0.0267226,0.820429
data/test/seborrheic_keratosis/ISIC_0012510.jpg,0.56974,0.21291
data/test/seborrheic_keratosis/ISIC_0012522.jpg,0.0188953,0.354539
data/test/seborrheic_keratosis/ISIC_0012537.jpg,0.119984,0.602326
data/test/seborrheic_keratosis/ISIC_0012548.jpg,0.0451336,0.668131
data/test/seborrheic_keratosis/ISIC_0012705.jpg,0.11337,0.685042
data/test/seborrheic_keratosis/ISIC_0012757.jpg,0.00359644,0.782943
data/test/seborrheic_keratosis/ISIC_0012786.jpg,0.00361376,0.949423
data/test/seborrheic_keratosis/ISIC_0012848.jpg,0.0933293,0.78073
data/test/seborrheic_keratosis/ISIC_0012852.jpg,0.00192737,0.431538
data/test/seborrheic_keratosis/ISIC_0012928.jpg,0.00318686,0.907852
data/test/seborrheic_keratosis/ISIC_0012955.jpg,0.0465929,0.318128
data/test/seborrheic_keratosis/ISIC_0012974.jpg,0.0381677,0.459015
data/test/seborrheic_keratosis/ISIC_0013030.jpg,0.00671773,0.489995
data/test/seborrheic_keratosis/ISIC_0013035.jpg,0.0155807,0.827367
data/test/seborrheic_keratosis/ISIC_0013085.jpg,0.00207319,0.949335
data/test/seborrheic_keratosis/ISIC_0013169.jpg,0.0160329,0.960668
data/test/seborrheic_keratosis/ISIC_0013170.jpg,0.0596932,0.871815
data/test/seborrheic_keratosis/ISIC_0013203.jpg,0.00758859,0.849005
data/test/seborrheic_keratosis/ISIC_0013270.jpg,0.140356,0.00390598
data/test/seborrheic_keratosis/ISIC_0013271.jpg,0.0282168,0.292154
data/test/seborrheic_keratosis/ISIC_0013281.jpg,0.0068702,0.980473
data/test/seborrheic_keratosis/ISIC_0013319.jpg,0.123398,0.666379
data/test/seborrheic_keratosis/ISIC_0013393.jpg,0.028593,0.772737
data/test/seborrheic_keratosis/ISIC_0013465.jpg,0.00995839,0.670847
data/test/seborrheic_keratosis/ISIC_0013673.jpg,0.00122194,0.97293
data/test/seborrheic_keratosis/ISIC_0013708.jpg,0.0670357,0.913659
data/test/seborrheic_keratosis/ISIC_0013764.jpg,0.0955674,0.820441
data/test/seborrheic_keratosis/ISIC_0013977.jpg,0.00385322,0.642232
data/test/seborrheic_keratosis/ISIC_0014006.jpg,0.0278272,0.919194
data/test/seborrheic_keratosis/ISIC_0014177.jpg,0.0177314,0.870366
data/test/seborrheic_keratosis/ISIC_0014251.jpg,0.073727,0.903021
data/test/seborrheic_keratosis/ISIC_0014278.jpg,0.03675,0.0229963
data/test/seborrheic_keratosis/ISIC_0014386.jpg,0.0996767,0.388842
data/test/seborrheic_keratosis/ISIC_0014392.jpg,0.19743,0.254128
data/test/seborrheic_keratosis/ISIC_0014409.jpg,0.0165062,0.0139153
data/test/seborrheic_keratosis/ISIC_0014419.jpg,0.331061,0.227453
data/test/seborrheic_keratosis/ISIC_0014457.jpg,0.254547,0.0930419
data/test/seborrheic_keratosis/ISIC_0014474.jpg,0.00455122,0.977819
data/test/seborrheic_keratosis/ISIC_0014500.jpg,0.239271,0.22877
data/test/seborrheic_keratosis/ISIC_0014503.jpg,0.06904,0.213048
data/test/seborrheic_keratosis/ISIC_0014567.jpg,0.00613446,0.973828
data/test/seborrheic_keratosis/ISIC_0014574.jpg,0.0551969,0.537336
data/test/seborrheic_keratosis/ISIC_0014575.jpg,0.00260231,0.968753
data/test/seborrheic_keratosis/ISIC_0014586.jpg,0.490777,0.00515465
data/test/seborrheic_keratosis/ISIC_0014587.jpg,0.0325462,0.568285
data/test/seborrheic_keratosis/ISIC_0014588.jpg,0.0266291,0.506137
data/test/seborrheic_keratosis/ISIC_0014590.jpg,0.114458,0.0592006
data/test/seborrheic_keratosis/ISIC_0014600.jpg,0.17609,0.425582
data/test/seborrheic_keratosis/ISIC_0014619.jpg,0.340905,0.594351
data/test/seborrheic_keratosis/ISIC_0014626.jpg,0.00217451,0.993758
data/test/seborrheic_keratosis/ISIC_0014627.jpg,0.000948384,0.990868
data/test/seborrheic_keratosis/ISIC_0014629.jpg,0.00019184,0.997502
data/test/seborrheic_keratosis/ISIC_0014631.jpg,0.00237502,0.986792
data/test/seborrheic_keratosis/ISIC_0014634.jpg,0.0179075,0.915121
data/test/seborrheic_keratosis/ISIC_0014643.jpg,0.00544846,0.988937
data/test/seborrheic_keratosis/ISIC_0014644.jpg,0.319997,0.0618648
data/test/seborrheic_keratosis/ISIC_0014645.jpg,0.0384314,0.942441
data/test/seborrheic_keratosis/ISIC_0014647.jpg,0.0152214,0.884814
data/test/seborrheic_keratosis/ISIC_0014648.jpg,0.0219114,0.933518
data/test/seborrheic_keratosis/ISIC_0014649.jpg,0.00207932,0.979013
data/test/seborrheic_keratosis/ISIC_0014652.jpg,0.0144311,0.891153
data/test/seborrheic_keratosis/ISIC_0014653.jpg,0.0284234,0.914777
